1. Executive Summary,"Cloud Web Viewer는 클라우드 환경에 업로드되거나 공유된 영상을 웹브라우저에서 바로 확인할 수 있도록 제공하는 웹 기반 Viewer이다.
현재 Cloud Web Viewer에서는 2D Image, Scan Data, CT 데이터를 확인할 수 있으며, CT의 경우 3D Volume, Axial, Sagittal, Coronal view를 제공하고 있다. 이를 통해 Cloud Web Viewer의 최초 목표였던 “별도 설치 없이 웹에서 영상을 확인”하는 목적은 기본적으로 달성한 상태이다.

다음 단계에서는 Cloud Web Viewer를 공유/협업 과정에서 영상을 빠르게 확인하고 의견을 전달하기 위한 Viewer로 포지셔닝한다. 정밀 진단, 치료 계획, 복잡한 편집 기능은 데스크탑 SW에서 수행하도록 하고, Cloud Web Viewer에서는 공유/협업 목적에 맞는 영상 확인 기능과 커뮤니케이션 편의 기능을 중심으로 확장한다.

현재 Cloud Web Viewer에서는 Curve 기반 Section view가 제공되지 않고 있어 이에 대한 시장 니즈가 큰 상황이다. 또한 타사 웹 Viewer에서도 Section view를 제공하는 사례가 제한적이므로, 해당 기능을 빠르게 제공함으로써 제품 경쟁력을 확보할 수 있다. 이에 따라 연내 제공 가능한 범위에서 Curve 기반 Section view를 MVP로 제공하고, 이후 데스크탑 SW 수준의 Section view 확인 기능으로 단계적으로 확장한다.
임플란트 시뮬레이션과 같이 진단 및 치료 계획에 직접적으로 연결되는 기능은 이번 범위에서 제외한다. 해당 기능은 데스크탑 SW의 역할로 유지하되, 향후 시장 반응과 사용자 요구에 따라 Cloud Web Viewer의 확장 가능성으로 별도 검토한다. 다만, 공유 받은 사용자는 공유자가 생성한 임플란트 시뮬레이션 결과를 확인할 수 있어야 한다.

결론적으로 Cloud Web Viewer의 다음 단계 제품 방향은 진단 기능의 확장이 아니라, 웹 제품군 전반에서 공유/협업 시 CT 및 영상 데이터를 더 쉽고 의미 있게 확인할 수 있도록 하는 것이다.
이를 위해 단기적으로는 Curve 기반 Section view 제공을 최우선 과제로 두고, 중장기적으로는 공유/협업에 필요한 기능을 단계적으로 보강한다."
2. Background,"Cloud Web Viewer는 Clever Space뿐 아니라 Clever Lab, Clever RC 등 다양한 웹 제품에서 공통 Viewer로 활용될 수 있다.
따라서 특정 제품에 종속된 Viewer가 아니라, 웹 제품군 전반의 공유/협업 경험을 지원하는 기반 Viewer로 정의한다.

또한 관련 제품군은 다음과 같이 역할을 구분한다.
1) 데스크탑 SW (Clever One)
 : 정밀 진단, 치료 계획을 위한 진단 전문 뷰어
2) Cloud Web Viewer
 : Clever Space 등 웹 제품의 공유/협업 과정에서 영상을 빠르게 확인하는 웹 뷰어
3) EzDent Web for Tablet
 : 진료실 내에서 영상 확인 UX를 제공하는 태블릿용 뷰어

Cloud Web Viewer와 EzDent Web for Tablet은 기술적 기반은 동일하나, 사용 목적과 주요 시나리오가 다르므로 별도 제품으로 포지셔닝하고 각각의 로드맵을 수립한다."
3. Business Objective,"디지털 덴티스트리 확산과 함께 치과 영상 데이터를 클라우드 기반으로 공유하는 시나리오가 점차 증가하고 있다. 그러나 공유 받은 사용자가 데이터를 편리하게 확인하고, 필요한 의견을 주고받을 수 있는 경험은 아직 충분히 제공되지 못하고 있다.
공유/협업 과정에서 Cloud Web Viewer가 강화해야 할 방향은 크게 세 가지이다.

첫째, 공유 받은 사용자가 별도 설치나 복잡한 데이터 처리 과정 없이 영상을 간편하게 확인할 수 있어야 한다.
둘째, 원본 데이터 뿐 아니라 진단 전문 SW에서 생성한 시뮬레이션 결과와 주요 확인 부위를 함께 공유할 수 있어야 한다.
셋째, 공유 받은 데이터를 필요 시 데스크탑용 진단 SW나 CAD SW에서 이어서 확인할 수 있도록 Workflow가 연결되어야 한다.

현재 Cloud Web Viewer는 별도 설치 없이 웹에서 영상을 확인하는 1차 목표는 달성한 상태이다.
다음 단계에서는 CT 데이터의 확인 활용성을 높이기 위한 Curve 기반 Section View를 우선 제공하고, 이후 시뮬레이션 결과 확인, 진단 SW 연계, 협업 커뮤니케이션 기능을 단계적으로 확장함으로써 공유/협업용 Viewer로서의 제품 가치를 강화한다."
