,,,,,,,,,신규,변경,,
,,,,,,,,이용자,13,4,,
OneID ,,,,,,,,관리자,0,0,,
■ 서비스 이용자,,,,,,,,,,,,
No.,Level1,작업 유형 구분,요구 사항(기능/비기능),개발 버전,우선 순위,기능 설명 ,문서 ID,UI 필요 여부,개발 필요 여부,신규 페이지 분량,MMI 전달 여부,비고
,구독 및 결제,신규,서비스 이용자(오너)는 플랜을 구독한다.,,P1,"1) 최초로 서비스를 활성화할 때, 플랜 선택 및 결제를 진행하는 기능
2) 어떤 플랜을 선택하는지에 따라 이후 화면과 작업이 상이함.
  Ⓐ 무료: Clever Space 홈 이동
  ⓑ 유료: 결제 화면 이동 및 결제 정보 입력
  ⓒ 엔터프라이즈: 견적 폼 제출 화면 이동 및 폼 제출
3) 엔터프라이즈 플랜은 별도 견적 상담 및 변경 전까지는 무료 플랜 제공
  ⓐ 제출한 폼은 ES CS 이메일로 발송 필요",PD_USER_Plan_Subscribe,●,●,6,완료,
,플랜 관리,신규,서비스 이용자(오너)는 구독 관리 화면을 조회한다.,,P1,"1) 고객 포털에서 다음과 같은 기능 지원 필요
  ⓐ 이용 중인 플랜 정보 확인
  ⓑ 플랜 상향/하향 변경 버튼
  ⓒ 구독 취소 버튼
  ⓓ 카드 등록 및 변경 
  ⓔ 청구 정보 변경
  ⓕ 거래 내역(결제/환불)  조회 및 pdf 다운로드 버튼",PD_USER_Plan_Manage,●,●,1,완료,
,,신규,서비스 이용자(오너)는 플랜을 상향 변경한다.,,P1,"1) 이용자가 플랜을 상향 변경할 경우, 추가금만 결제하고 바로 플랜 변경
   (다음달부터는 추가금이 아닌 원금으로 결제 진행)
2) 플랜 변경(AS-IS/TO-BE) 내역과 추가금 계산 방식을 명확히 설명하는 정보 필요",PD_USER_Plan_Upgrade,●,●,1,완료,
,,신규,서비스 이용자(오너)는 플랜을 하향 변경한다.,,P1,"1) 이용자가 플랜을 하향 변경하는 경우, 해당 월까지는 기존 플랜을 이용하고 다음번부터 하위 유료 플랜으로 변경
2) 플랜 하향 변경 시 제공하는 서비스보다 사용량이 많을 경우, 서비스 이용에 제한이 발생(예: 스토리지 제공량 < 스토리지 사용량 → 업로드 불가)",PD_USER_Plan_Downgrade,●,●,1,완료,
,,신규,서비스 이용자(오너)는 구독을 취소한다. ,,P1,"1) 이용자가 플랜을 하향 변경하는 경우, 해당 월까지는 기존 플랜을 이용하고 다음번부터 무료 플랜으로 변경
2) 플랜 하향 변경 시 제공하는 서비스보다 사용량이 많을 경우, 서비스 이용에 제한이 발생(예: 스토리지 제공량 < 스토리지 사용량 → 업로드 불가)
3) 구독 취소 시, 구독 취소 이유를 선택하게 하여 마케팅 전략에 활용",PD_USER_Plan_Cancel,●,●,1,완료,
,,신규,서비스 이용자(오너)는 결제 수단을 관리(등록/변경)한다.,,P1,"1) 카드를 신규로 등록하거나, 변경하는 기능
2) 패들에서 제공하는 API를 활용하여 카드 유효성 확인 진행(결제 승인/거절)",PD_USER_Payment_Manage,●,●,1,완료,
,,신규,서비스 이용자(오너)는 청구 정보를 관리(등록/변경)한다.,,P1,"1) 세금 신고를 수행하기 위한 결제 청구 정보를 수정 및 관리하는 기능
2) 인보이스 추가 수신 이메일 필드를 추가하여 오너 외에 다른 사람(예: 회계팀)에게 인보이스가 발송되도록 하는 기능 필요
3) 주소 및 우편번호와 Tax ID를 기준으로 세금 신고 진행
  → 패들 측에 해당 정보가 자동으로 패들에게 전송되는지는 확인 필요",PD_USER_BillingInfo_Manage,●,●,1,완료,
,,신규,서비스 이용자(오너)는 결제 내역을 조회 및 다운로드한다. ,,P1,1) 고객 포털에서 [인보이스 다운로드]  버튼을 클릭하면 pdf 파일이 로컬에 다운로드되는 기능,PD_USER_Payment_History,●,●,0,완료,"*[PD_USER_Plan_Manage] 내용과 중복이 되나, pdf 다운로드 기능 및 내용을 설명하기 위해 추가"
,알림,추가,서비스 이용자(오너)는 이메일 알림을 받는다.,,P1,"1) 아래 상황에 대한 알림이 필요( 상세 내역은 별도 엑셀에서 정리되며 추가될 가능성 多)
  ⓐ 결제 완료/실패
  ⓑ 플랜 변경 신청/예정/변경 완료
  ⓒ 결제 내역 환불 처리
  ⓓ 구독 취소 신청",PD_USER_EmailNotification_Received,X,●,0,완료,
,이동 및 탐색,신규,서비스 이용자(오너)는 이용할 서비스를 탐색한다.,,P1,"1) [서비스] 메뉴에서 서비스에 대한 상세 소개를 확인 및 활성화하는 기능
  ⓐ 이용 중인 서비스와 전체 서비스 목록 확인 가능
  ⓑ 서비스 소개, 기능, 지원 언어 등에 대한 기본 정보 확인 가능",ID_USER_Service_Explore,●,●,1,완료,
,,신규,서비스 이용자(오너)는 고객 포털로 이동한다.,,P1,1) [구독 관리] 메뉴를 클릭하면 '고객 포털 홈'으로 이동(단순 리다이렉션),ID_USER_CustomerPortal_Nevigate,X,●,0,완료,
,조직 및 계정 관리,변경,서비스 이용자(오너)는 조직 정보를 변경한다.,,P1,1) TaxID 변경에 따른 경고창 추가 표시(OneID와 정보 싱크 관련),ID_USER_OrgInfo_Edit,X,●,0,완료,*정보 Sink를 지원하지 않으면 필요없는 기능
,,변경,서비스 이용자(오너)는 서비스 이용 약관에 동의한다.,,P1,1) 법률 동의 항목 pdf 교체,ID_User_TermOfUse_Consent,X,X,0,완료,*단순 pdf 교체
,,변경,서비스 이용자(오너)는 OneID를 탈퇴한다.,,P1,1) 탈퇴 시 표시되는 안내 문구 변경,ID_USER_Account_Withdrawal,▲,●,0,완료,
,,,,,,,,,,,,
■ 서비스 관리자,,,,,,,,,,,,
No.,Level1,작업 유형 구분,기능,개발 버전,우선 순위,기능 설명 ,도큐먼트 ID,UI 필요 여부,개발 필요 여부,신규 페이지 분량,요구사항ID,비고
,"구독 관리
(Paddle)",신규,서비스 관리자는 고객 정보를 조회한다.,,P1,"1) 관리자는 서비스를 이용하는 오너의 계정 정보를 확인한다.
2) 정산 및 추후 SAP 연동을 위해 SAP ID 발급 필요
3) 커스텀 필드 표시 필요(SAP ID, 조직 UID, 역할)",PD_ADMIN_Customers_View,X,●,0,완료,
,,신규,서비스 관리자는 구독 정보를 조회한다.,,P1,"1) 관리자는 구독 내역을 확인하고, 구독 취소 및 변경 작업을 수행한다.
2) 커스텀 필드 표시 필요(SAP ID, 조직 UID, 조직 유형)",PD_ADMIN_Subscriptions_View,X,●,0,완료,
,,신규,서비스 관리자는 결제 정보를 조회한다. ,,P1,"1) 관리자는결제 내역을 확인하고, 환불 작업을 수행한다.
2) 커스텀 필드 표시 필요(SAP ID, 조직 UID)",PD_ADMIN_Transactions_View,X,●,0,완료,
,,신규,"서비스 관리자는 결제, 정산, 고객 엑셀 파일을 내보내기한다.",,P1,"1) 패들에서 제공하는 모든 필드의 내역을 내보내기할 수 있도록 하는 것 필요
2) 기존 엑스포트 항목에 커스텀 필드 항목만 추가","(MMI 추가가 필요할지 개발실 확인 필요)
*기획 확인 결과, 패들 기본 제공 기능",X,●,0,대기,
,,신규,서비스 관리자는 고객/결제/정산 대시보드를 확인한다.,,P2,1) 패들에서 제공하는 ProfitWell  대시보드 기능과 연동,"(MMI 추가가 필요할지 개발실 확인 필요)
*기획 확인 결과, 연동만하면 사용 가능",X,X,0,불필요,*단순 연동 지원
,고객 및 조직 관리,변경,서비스 관리자는 고객 정보를 조회한다.,,P2,1) [사용자] 메뉴에서 오너와 멤버 구분이 필요. 오너에게는 왕관 아이콘 추가,ID_ADMIN_User_View,X,●,0,완료,
,,변경,서비스 관리자는 조직 정보를 조회한다.,,P2,"1) [조직] 메뉴에서 구독  상태, 구독 시작일 등 목록에 표시되는 컬럼 추가",ID_ADMIN_Organization_View,X,●,0,완료,
